TestInstance,Class,PosteriorProbability
1,1,0.0037037037037037
1,2,0
2,1,0.00185185185185185
2,2,0.01875
3,1,0.0185185185185185
3,2,0
4,1,0.0111111111111111
4,2,0.0375
