TestInstance,Class,PosteriorProbability
1,1,0.00694444444444444
1,2,0.0054421768707483
2,1,0.00416666666666667
2,2,0.0163265306122449
3,1,0.01875
3,2,0.00272108843537415
4,1,0.0138888888888889
4,2,0.0244897959183673
